{"cameraMode":{"drawMode":0,"name":"Shaded","section":"Shading Mode"},"sceneLighting":true,"audioPlay":false,"sceneViewState":{"m_AlwaysRefresh":false,"showFog":true,"showSkybox":true,"showFlares":true,"showImageEffects":true,"showParticleSystems":true,"showVisualEffectGraphs":true,"m_FxEnabled":true},"in2DMode":false,"pivot":{"x":39.33976364135742,"y":15.609363555908204,"z":13.757852554321289},"rotation":{"x":0.47962358593940737,"y":-0.5132250189781189,"z":0.43989402055740359,"w":0.5596094131469727},"size":11.214149475097657,"orthographic":false}