{"cameraMode":{"drawMode":0,"name":"Shaded","section":"Shading Mode"},"sceneLighting":true,"audioPlay":false,"sceneViewState":{"m_AlwaysRefresh":false,"showFog":true,"showSkybox":true,"showFlares":true,"showImageEffects":true,"showParticleSystems":true,"showVisualEffectGraphs":true,"m_FxEnabled":true},"in2DMode":false,"pivot":{"x":39.52149963378906,"y":19.64743423461914,"z":15.437578201293946},"rotation":{"x":0.25455236434936526,"y":0.01015408057719469,"z":-0.002672571921721101,"w":0.9670056700706482},"size":3.3737986087799074,"orthographic":false}