{"cameraMode":{"drawMode":0,"name":"Shaded","section":"Shading Mode"},"sceneLighting":true,"audioPlay":false,"sceneViewState":{"m_AlwaysRefresh":false,"showFog":true,"showSkybox":true,"showFlares":true,"showImageEffects":true,"showParticleSystems":true,"showVisualEffectGraphs":true,"m_FxEnabled":true},"in2DMode":false,"pivot":{"x":37.076839447021487,"y":15.402470588684082,"z":12.986166954040528},"rotation":{"x":0.11559624969959259,"y":-0.18364818394184113,"z":0.021757183596491815,"w":0.9759461879730225},"size":10.952256202697754,"orthographic":false}