{"cameraMode":{"drawMode":0,"name":"Shaded","section":"Shading Mode"},"sceneLighting":true,"audioPlay":false,"sceneViewState":{"m_AlwaysRefresh":false,"showFog":true,"showSkybox":true,"showFlares":true,"showImageEffects":true,"showParticleSystems":true,"showVisualEffectGraphs":true,"m_FxEnabled":true},"in2DMode":false,"pivot":{"x":36.039154052734378,"y":18.78607749938965,"z":3.1923866271972658},"rotation":{"x":0.181597501039505,"y":-0.2523188591003418,"z":0.048239149153232577,"w":0.9492783546447754},"size":1.7956715822219849,"orthographic":false}